{"cameraMode":{"drawMode":0,"name":"Shaded","section":"Shading Mode"},"sceneLighting":true,"audioPlay":false,"sceneViewState":{"m_AlwaysRefresh":false,"showFog":true,"showSkybox":true,"showFlares":true,"showImageEffects":true,"showParticleSystems":true,"showVisualEffectGraphs":true,"m_FxEnabled":true},"in2DMode":false,"pivot":{"x":1340.3851318359375,"y":1149.4158935546875,"z":-51.552886962890628},"rotation":{"x":0.11075209826231003,"y":-0.247427299618721,"z":0.02851315587759018,"w":0.9621651768684387},"size":1176.8668212890625,"orthographic":false}